namelsad10,Number_of_Requests,Household_Income,Population,Request_Rate,color,rate_color
Census Tract 1001,2743,50767,5563,0.493079273773144,#574249,#627f8c
Census Tract 1002,3270,10135,6872,0.4758440046565774,#985356,#ad9ea5
Census Tract 1003,3354,15620,6186,0.542192046556741,#574249,#627f8c
Census Tract 1004,1589,11261,3364,0.47235434007134364,#ad9ea5,#ad9ea5
Census Tract 1005,3442,11618,5696,0.6042837078651685,#985356,#985356
Census Tract 1006,3136,8520,4789,0.6548339945708916,#985356,#985356
Census Tract 1007,2619,7708,4700,0.5572340425531915,#c85a5a,#e4acac
Census Tract 101,989,9413,4522,0.21870853604599735,#b0d5df,#b0d5df
Census Tract 102.01,1531,15700,7039,0.21750248614860065,#627f8c,#64acbe
Census Tract 102.02,1019,6218,2852,0.35729312762973353,#e8e8e8,#e8e8e8
Census Tract 103,1431,14650,6650,0.21518796992481204,#627f8c,#64acbe
Census Tract 104,939,8612,5153,0.18222394721521443,#b0d5df,#b0d5df
Census Tract 105.01,688,7180,4147,0.1659030624547866,#e8e8e8,#e8e8e8
Census Tract 105.02,791,4818,2802,0.28229835831548894,#e8e8e8,#e8e8e8
Census Tract 105.03,769,8175,1713,0.44892002335084646,#e8e8e8,#e4acac
Census Tract 106,1868,10050,6271,0.29787912613618245,#ad9ea5,#b0d5df
Census Tract 107.01,1374,10727,3766,0.36484333510355815,#ad9ea5,#b0d5df
Census Tract 107.02,1229,4828,5096,0.24116954474097332,#e4acac,#e8e8e8
Census Tract 1101,3156,13181,5367,0.5880380100614868,#574249,#627f8c
Census Tract 1102,1437,12207,3433,0.41858432857558986,#ad9ea5,#ad9ea5
Census Tract 1103,2868,8111,5720,0.5013986013986014,#c85a5a,#e4acac
Census Tract 1104,2260,12047,4467,0.5059323931049922,#985356,#ad9ea5
Census Tract 1105.01,2447,6440,5390,0.45398886827458257,#c85a5a,#e4acac
Census Tract 1105.02,1930,9782,3612,0.5343300110741971,#ad9ea5,#ad9ea5
Census Tract 1201,4598,17290,4102,1.1209166260360799,#574249,#574249
Census Tract 1202,3800,15601,4725,0.8042328042328042,#574249,#574249
Census Tract 1203,4048,16289,6516,0.6212400245549416,#574249,#574249
Census Tract 1204,2696,9543,3749,0.7191251000266737,#985356,#985356
Census Tract 1301,2624,12283,5228,0.5019127773527161,#985356,#ad9ea5
Census Tract 1302,1046,15360,1547,0.676147382029735,#64acbe,#574249
Census Tract 1303,1932,6377,5482,0.3524261218533382,#e4acac,#e8e8e8
Census Tract 1401,907,8896,3527,0.2571590586901049,#b0d5df,#b0d5df
Census Tract 1402,1817,12155,6429,0.2826256027375953,#ad9ea5,#b0d5df
Census Tract 1403.01,918,8222,2700,0.34,#b0d5df,#b0d5df
Census Tract 1403.02,1359,9558,4127,0.32929488732735646,#ad9ea5,#b0d5df
Census Tract 1404,2991,12985,6011,0.49758775578106806,#574249,#627f8c
Census Tract 1405,1555,11032,4264,0.3646810506566604,#ad9ea5,#b0d5df
Census Tract 1406.01,948,7921,2927,0.32388110693542876,#e8e8e8,#e8e8e8
Census Tract 1406.02,1773,10186,4822,0.36768975528826214,#ad9ea5,#b0d5df
Census Tract 1407.01,1008,6447,2920,0.3452054794520548,#e8e8e8,#e8e8e8
Census Tract 1407.02,1962,8292,6162,0.3184031158714703,#985356,#b0d5df
Census Tract 1408,2726,10280,6454,0.4223737217229625,#985356,#ad9ea5
Census Tract 1502,3639,14003,7747,0.4697302181489609,#574249,#627f8c
Census Tract 1503,3991,8757,7859,0.507825423081817,#985356,#ad9ea5
Census Tract 1504.01,2996,10251,5228,0.5730680948737567,#985356,#ad9ea5
Census Tract 1504.02,3282,9878,3599,0.9119199777716033,#985356,#985356
Census Tract 1505.01,1605,8112,3957,0.40561031084154664,#e4acac,#e4acac
Census Tract 1505.02,2217,14381,4378,0.5063956144358155,#574249,#627f8c
Census Tract 1506,1997,9475,4246,0.470325011775789,#985356,#ad9ea5
Census Tract 1507,2402,11917,4197,0.5723135573028354,#985356,#ad9ea5
Census Tract 1508,2227,11385,4967,0.4483591705254681,#985356,#ad9ea5
Census Tract 1510.01,887,9834,2714,0.3268238761974945,#b0d5df,#b0d5df
Census Tract 1510.02,1866,5565,4770,0.39119496855345914,#e4acac,#e8e8e8
Census Tract 1511,2122,8980,5325,0.39849765258215963,#985356,#b0d5df
Census Tract 1512,1848,9381,3474,0.531951640759931,#ad9ea5,#ad9ea5
Census Tract 1601,1780,11331,2577,0.6907256499805976,#ad9ea5,#985356
Census Tract 1602,2397,18722,3002,0.7984676882078614,#574249,#574249
Census Tract 1603,1928,11325,3764,0.512221041445271,#ad9ea5,#ad9ea5
Census Tract 1604,4769,8148,4693,1.0161943319838056,#c85a5a,#c85a5a
Census Tract 1605.01,1744,9768,3870,0.4506459948320413,#ad9ea5,#ad9ea5
Census Tract 1605.02,1447,7034,3782,0.3826017979904812,#e4acac,#e8e8e8
Census Tract 1606.01,1305,10449,3529,0.36979314253329554,#ad9ea5,#b0d5df
Census Tract 1606.02,1541,8584,3681,0.4186362401521326,#ad9ea5,#ad9ea5
Census Tract 1607,2780,14996,6191,0.44903892747536744,#574249,#627f8c
Census Tract 1608,3220,8765,4909,0.6559380729272765,#985356,#985356
Census Tract 1609,1993,11016,2464,0.8088474025974026,#985356,#985356
Census Tract 1610,1491,11203,2151,0.6931659693165969,#ad9ea5,#985356
Census Tract 1611,1305,29514,2043,0.6387665198237885,#627f8c,#574249
Census Tract 1612,1099,9996,3090,0.35566343042071197,#b0d5df,#b0d5df
Census Tract 1613,1839,6239,3919,0.4692523602959939,#e4acac,#e4acac
Census Tract 1701,481,9013,2058,0.2337220602526725,#b0d5df,#b0d5df
Census Tract 1702,2042,9477,4106,0.4973209936678032,#985356,#ad9ea5
Census Tract 1703,2732,7347,5350,0.5106542056074767,#c85a5a,#e4acac
Census Tract 1704,2201,10873,4044,0.5442631058358062,#985356,#ad9ea5
Census Tract 1705,2681,8475,5593,0.4793491864831039,#985356,#ad9ea5
Census Tract 1706,1278,7167,2468,0.5178282009724473,#e4acac,#e4acac
Census Tract 1707,1272,8818,3177,0.4003777148253069,#ad9ea5,#b0d5df
Census Tract 1708,1779,8107,4189,0.4246836953926951,#e4acac,#e4acac
Census Tract 1709,687,6953,1881,0.3652312599681021,#e8e8e8,#e8e8e8
Census Tract 1710,3800,18101,7328,0.5185589519650655,#574249,#627f8c
Census Tract 1711,1995,7440,3841,0.5193959906274408,#c85a5a,#e4acac
Census Tract 1801,2851,16260,6360,0.4482704402515723,#574249,#627f8c
Census Tract 1901,930,7530,2606,0.35686876438986953,#e8e8e8,#e8e8e8
Census Tract 1902,1897,7920,5624,0.3373044096728307,#e4acac,#e8e8e8
Census Tract 1903,2495,5768,5535,0.45076784101174344,#c85a5a,#e4acac
Census Tract 1904.01,1856,10583,4193,0.4426424994037682,#ad9ea5,#ad9ea5
Census Tract 1904.02,2182,5935,5572,0.3916008614501077,#c85a5a,#e8e8e8
Census Tract 1906.01,1343,16087,5145,0.2610301263362488,#627f8c,#64acbe
Census Tract 1906.02,2051,9181,5608,0.36572753209700426,#985356,#b0d5df
Census Tract 1907.01,1067,6544,2924,0.3649110807113543,#e8e8e8,#e8e8e8
Census Tract 1907.02,1361,8005,4841,0.28114026027680233,#e4acac,#e8e8e8
Census Tract 1908,2101,5796,7338,0.2863177977650586,#c85a5a,#e8e8e8
Census Tract 1909,769,9810,2537,0.30311391407173827,#b0d5df,#b0d5df
Census Tract 1910,1001,8578,2651,0.3775933609958506,#b0d5df,#b0d5df
Census Tract 1911,2853,4684,7482,0.3813151563753007,#c85a5a,#e8e8e8
Census Tract 1912,1261,6000,3934,0.32053889171326894,#e4acac,#e8e8e8
Census Tract 1913.01,1934,7401,5658,0.34181689642983387,#e4acac,#e8e8e8
Census Tract 1913.02,1752,8992,5333,0.32852053253328334,#ad9ea5,#b0d5df
Census Tract 2001,1811,7272,3763,0.4812649481796439,#e4acac,#e4acac
Census Tract 2002,2064,6954,4800,0.43,#c85a5a,#e4acac
Census Tract 2003,939,10706,1962,0.4785932721712538,#b0d5df,#ad9ea5
Census Tract 2004.01,1015,10330,3746,0.27095568606513615,#b0d5df,#b0d5df
Census Tract 2004.02,1228,14007,4380,0.28036529680365296,#627f8c,#64acbe
Census Tract 201,1142,19483,3836,0.2977059436913452,#64acbe,#64acbe
Census Tract 202,3496,16608,6739,0.5187713310580204,#574249,#627f8c
Census Tract 203.01,1372,13797,5472,0.2507309941520468,#627f8c,#64acbe
Census Tract 203.02,2000,13273,5348,0.3739715781600598,#574249,#64acbe
Census Tract 204,1402,11201,4236,0.3309726156751652,#ad9ea5,#b0d5df
Census Tract 205,1573,4814,6584,0.23891251518833537,#e4acac,#e8e8e8
Census Tract 206.01,2013,13561,6131,0.3283314304354918,#574249,#64acbe
Census Tract 206.02,1928,9316,4734,0.4072665821715251,#ad9ea5,#ad9ea5
Census Tract 207.01,1193,13660,1748,0.6824942791762014,#627f8c,#574249
Census Tract 207.02,2585,8125,7674,0.3368517070628095,#c85a5a,#e8e8e8
Census Tract 208.01,2120,8920,6112,0.3468586387434555,#985356,#b0d5df
Census Tract 208.02,2331,8956,7952,0.29313380281690143,#985356,#b0d5df
Census Tract 209.01,1451,5619,5966,0.24321153201475026,#e4acac,#e8e8e8
Census Tract 209.02,1069,5875,4680,0.2284188034188034,#e8e8e8,#e8e8e8
Census Tract 2101,3161,10872,3684,0.8580347448425625,#985356,#985356
Census Tract 2104,1279,13924,2851,0.44861452122062434,#627f8c,#627f8c
Census Tract 2105.01,1328,7523,3273,0.4057439657806294,#e4acac,#e4acac
Census Tract 2105.02,1424,8441,4685,0.303948772678762,#ad9ea5,#b0d5df
Census Tract 2106.01,1549,14204,2761,0.5610286128214415,#627f8c,#627f8c
Census Tract 2106.02,2528,12008,4200,0.6019047619047619,#985356,#985356
Census Tract 2107,2003,8423,4392,0.45605646630236796,#985356,#ad9ea5
Census Tract 2108,795,25738,1077,0.7381615598885793,#64acbe,#574249
Census Tract 2109,1805,12299,3095,0.5831987075928917,#ad9ea5,#ad9ea5
Census Tract 2203,1242,14072,2201,0.5642889595638346,#627f8c,#627f8c
Census Tract 2204,1588,12989,2643,0.6008323874385169,#627f8c,#574249
Census Tract 2205,1800,11589,2607,0.6904487917146145,#ad9ea5,#985356
Census Tract 2206.01,929,10134,1763,0.526942711287578,#b0d5df,#ad9ea5
Census Tract 2206.02,2434,8484,5058,0.48121787267694743,#985356,#ad9ea5
Census Tract 2207.01,1076,10211,3230,0.3331269349845201,#b0d5df,#b0d5df
Census Tract 2207.02,2119,6813,3817,0.5551480220068117,#c85a5a,#e4acac
Census Tract 2209.01,827,12239,3073,0.26911812561015297,#b0d5df,#b0d5df
Census Tract 2209.02,976,7158,2927,0.33344721557909124,#e8e8e8,#e8e8e8
Census Tract 2210,929,7640,2774,0.3348954578226388,#e8e8e8,#e8e8e8
Census Tract 2211,1911,6722,5207,0.36700595352410215,#e4acac,#e8e8e8
Census Tract 2212,1136,23161,2917,0.3894412067192321,#64acbe,#64acbe
Census Tract 2213,1805,11825,2848,0.6337780898876404,#ad9ea5,#985356
Census Tract 2214,1997,12196,3026,0.6599471249173827,#985356,#985356
Census Tract 2215,1487,14588,2822,0.5269312544294826,#627f8c,#627f8c
Census Tract 2216,1670,30858,3136,0.5325255102040817,#627f8c,#627f8c
Census Tract 2222,1942,22922,2226,0.8724168912848158,#627f8c,#574249
Census Tract 2225,901,13723,1748,0.5154462242562929,#64acbe,#627f8c
Census Tract 2226,771,12131,1573,0.4901462174189447,#b0d5df,#ad9ea5
Census Tract 2227,961,11895,2462,0.3903330625507717,#b0d5df,#b0d5df
Census Tract 2228,495,14145,968,0.5113636363636364,#64acbe,#627f8c
Census Tract 2229,514,9690,1051,0.489058039961941,#b0d5df,#ad9ea5
Census Tract 2301,686,11228,1794,0.38238573021181715,#b0d5df,#b0d5df
Census Tract 2302,818,11559,2149,0.3806421591437878,#b0d5df,#b0d5df
Census Tract 2303,333,9739,1001,0.33266733266733267,#b0d5df,#b0d5df
Census Tract 2304,1034,9475,2089,0.49497367161321204,#b0d5df,#ad9ea5
Census Tract 2305,1333,5773,3489,0.38205789624534253,#e4acac,#e8e8e8
Census Tract 2306,2724,5864,7303,0.37299739832945367,#c85a5a,#e8e8e8
Census Tract 2307,2854,6196,5899,0.4838108153924394,#c85a5a,#e4acac
Census Tract 2308,519,14782,1425,0.3642105263157895,#64acbe,#64acbe
Census Tract 2309,1903,8664,4965,0.38328298086606244,#ad9ea5,#b0d5df
Census Tract 2311,714,17603,1292,0.5526315789473685,#64acbe,#627f8c
Census Tract 2312,3735,6628,6782,0.5507225007372456,#c85a5a,#e4acac
Census Tract 2315,5665,8036,5772,0.9814622314622314,#c85a5a,#c85a5a
Census Tract 2402,687,25773,1641,0.4186471663619744,#64acbe,#627f8c
Census Tract 2403,1067,33078,1215,0.8781893004115227,#64acbe,#574249
Census Tract 2405,1351,23620,2267,0.595941773268637,#627f8c,#627f8c
Census Tract 2406,705,23051,1506,0.4681274900398406,#64acbe,#627f8c
Census Tract 2407,575,16262,1752,0.3281963470319635,#64acbe,#64acbe
Census Tract 2408,740,9198,1500,0.49333333333333335,#b0d5df,#ad9ea5
Census Tract 2409,1167,11399,928,1.2575431034482758,#ad9ea5,#985356
Census Tract 2410,787,17758,2096,0.37547709923664124,#64acbe,#64acbe
Census Tract 2411,1805,11408,3826,0.47177208572922114,#ad9ea5,#ad9ea5
Census Tract 2412,957,20311,1797,0.5325542570951586,#64acbe,#627f8c
Census Tract 2413,625,29548,2090,0.29904306220095694,#64acbe,#64acbe
Census Tract 2414,3476,21732,5230,0.6646271510516253,#574249,#574249
Census Tract 2415,2314,22031,2930,0.7897610921501707,#574249,#574249
Census Tract 2416,1437,11423,3603,0.398834304746045,#ad9ea5,#b0d5df
Census Tract 2420,1819,12855,5254,0.3462124095926913,#627f8c,#64acbe
Census Tract 2421,1547,16762,3878,0.3989169675090253,#627f8c,#64acbe
Census Tract 2422,1471,20818,3347,0.43949805796235436,#627f8c,#627f8c
Census Tract 2423,1375,15382,3306,0.41591046581972174,#627f8c,#627f8c
Census Tract 2424,1446,12995,2679,0.5397536394176932,#627f8c,#627f8c
Census Tract 2425,1385,11248,3282,0.42199878123095674,#ad9ea5,#ad9ea5
Census Tract 2426,2154,13575,5752,0.37447844228094573,#574249,#64acbe
Census Tract 2427,695,8830,1669,0.4164170161773517,#b0d5df,#ad9ea5
Census Tract 2428,1005,19909,1542,0.6517509727626459,#64acbe,#574249
Census Tract 2429,1281,16240,1617,0.7922077922077922,#627f8c,#574249
Census Tract 2430,1301,15207,2274,0.5721196130167107,#627f8c,#627f8c
Census Tract 2431,1308,23250,2044,0.639921722113503,#627f8c,#574249
Census Tract 2432,1278,19533,2206,0.5793291024478694,#627f8c,#627f8c
Census Tract 2433,1248,15510,2375,0.5254736842105263,#627f8c,#627f8c
Census Tract 2434,1725,11343,2742,0.6291028446389497,#ad9ea5,#985356
Census Tract 2435,2038,12743,3584,0.5686383928571429,#574249,#627f8c
Census Tract 2502,1384,11664,2730,0.5069597069597069,#ad9ea5,#ad9ea5
Census Tract 2503,2018,7397,5118,0.394294646346229,#c85a5a,#e8e8e8
Census Tract 2504,2610,9269,4963,0.5258915978238968,#985356,#ad9ea5
Census Tract 2505,3680,12059,7452,0.49382716049382713,#985356,#ad9ea5
Census Tract 2506,1968,10127,4120,0.47766990291262135,#985356,#ad9ea5
Census Tract 2507,2623,6641,5396,0.48610081541882877,#c85a5a,#e4acac
Census Tract 2508,1307,9265,2427,0.53852492789452,#ad9ea5,#ad9ea5
Census Tract 2510,816,7212,960,0.85,#e8e8e8,#c85a5a
Census Tract 2511,1838,5674,4416,0.416213768115942,#e4acac,#e4acac
Census Tract 2512,2732,11441,4487,0.6088700690884778,#985356,#985356
Census Tract 2513,2241,6942,3934,0.5696492119979665,#c85a5a,#e4acac
Census Tract 2514,1766,4982,3951,0.4469754492533536,#e4acac,#e4acac
Census Tract 2515,2256,14617,4176,0.5402298850574713,#574249,#627f8c
Census Tract 2516,2237,16500,4161,0.5376111511655852,#574249,#627f8c
Census Tract 2517,1373,8104,1329,1.0331075996990218,#e4acac,#c85a5a
Census Tract 2518,3001,5085,4943,0.6071211814687437,#c85a5a,#c85a5a
Census Tract 2519,2563,5334,4466,0.5738916256157636,#c85a5a,#e4acac
Census Tract 2520,2133,8011,5556,0.38390928725701945,#c85a5a,#e8e8e8
Census Tract 2521.01,706,33494,1284,0.5498442367601246,#64acbe,#627f8c
Census Tract 2521.02,2179,7868,7295,0.2986977381768334,#c85a5a,#e8e8e8
Census Tract 2522.01,1194,14523,2922,0.4086242299794661,#627f8c,#627f8c
Census Tract 2522.02,2509,6482,4653,0.5392220073071137,#c85a5a,#e4acac
Census Tract 2601,1358,7488,1154,1.1767764298093588,#e4acac,#c85a5a
Census Tract 2602,1302,8403,1067,1.2202436738519213,#ad9ea5,#985356
Census Tract 2603,1086,7747,1430,0.7594405594405594,#e8e8e8,#c85a5a
Census Tract 2604,1072,9301,1145,0.9362445414847161,#b0d5df,#985356
Census Tract 2605,1459,10090,1713,0.8517221249270286,#ad9ea5,#985356
Census Tract 2606,1615,8224,2150,0.7511627906976744,#ad9ea5,#985356
Census Tract 2607,1794,9591,1816,0.987885462555066,#ad9ea5,#985356
Census Tract 2608,1636,13529,2659,0.6152688980819857,#627f8c,#574249
Census Tract 2609,907,8675,1488,0.6095430107526881,#b0d5df,#985356
Census Tract 2610,2084,6772,2321,0.8978888410168031,#c85a5a,#c85a5a
Census Tract 2705,797,4796,1478,0.5392422192151556,#e8e8e8,#e4acac
Census Tract 2712,1640,8364,1263,1.2984956452889944,#ad9ea5,#985356
Census Tract 2713,741,36509,1316,0.5630699088145896,#64acbe,#627f8c
Census Tract 2714,790,8489,1189,0.6644238856181666,#b0d5df,#985356
Census Tract 2715,573,7276,1623,0.35304990757855825,#e8e8e8,#e8e8e8
Census Tract 2718,821,10829,841,0.976218787158145,#b0d5df,#985356
Census Tract 2801,3314,22055,6447,0.5140375368388398,#574249,#627f8c
Census Tract 2804,760,22200,1760,0.4318181818181818,#64acbe,#627f8c
Census Tract 2808,629,9415,888,0.7083333333333334,#b0d5df,#985356
Census Tract 2809,514,10638,991,0.5186680121089808,#b0d5df,#ad9ea5
Census Tract 2819,1266,15091,6018,0.21036889332003988,#627f8c,#64acbe
Census Tract 2827,1447,16308,2172,0.666206261510129,#627f8c,#574249
Census Tract 2828,828,34881,1600,0.5175,#64acbe,#627f8c
Census Tract 2831,906,13995,3257,0.27817009517961316,#64acbe,#64acbe
Census Tract 2832,539,15743,1592,0.3385678391959799,#64acbe,#64acbe
Census Tract 2838,532,9449,3605,0.14757281553398058,#b0d5df,#b0d5df
Census Tract 2909,4154,5958,3746,1.1089161772557394,#c85a5a,#c85a5a
Census Tract 2912,1662,7505,2480,0.6701612903225806,#e4acac,#c85a5a
Census Tract 2916,426,11993,976,0.4364754098360656,#b0d5df,#ad9ea5
Census Tract 2922,2670,9160,2705,0.9870609981515711,#985356,#985356
Census Tract 2924,1511,10672,2203,0.6858828869723105,#ad9ea5,#985356
Census Tract 2925,2273,6251,3897,0.5832691814216063,#c85a5a,#e4acac
Census Tract 3005,1084,4395,2889,0.3752163378331603,#e8e8e8,#e8e8e8
Census Tract 3006,1672,7110,3186,0.5247959824231011,#e4acac,#e4acac
Census Tract 3007,1745,6471,4721,0.36962507943232364,#e4acac,#e8e8e8
Census Tract 3008,1595,3919,4070,0.3918918918918919,#e4acac,#e8e8e8
Census Tract 3009,1687,5378,4402,0.3832348932303498,#e4acac,#e8e8e8
Census Tract 301.01,570,7960,3768,0.15127388535031847,#e8e8e8,#e8e8e8
Census Tract 301.02,572,16175,2703,0.21161672216056235,#64acbe,#64acbe
Census Tract 301.03,312,9933,2252,0.13854351687388988,#b0d5df,#b0d5df
Census Tract 301.04,239,10258,3569,0.0669655365648641,#b0d5df,#b0d5df
Census Tract 3011,985,7686,2423,0.4065208419314899,#e8e8e8,#e4acac
Census Tract 3012,1975,9369,4087,0.48323954000489355,#985356,#ad9ea5
Census Tract 3016,1459,6635,4881,0.2989141569350543,#e4acac,#e8e8e8
Census Tract 3017.01,1507,7521,3943,0.3821962972356074,#e4acac,#e8e8e8
Census Tract 3017.02,1597,6682,4387,0.36403008889901983,#e4acac,#e8e8e8
Census Tract 3018.01,1633,8728,3625,0.45048275862068965,#ad9ea5,#ad9ea5
Census Tract 3018.02,1937,5469,3509,0.5520091194072385,#e4acac,#e4acac
Census Tract 3018.03,1744,5558,5011,0.34803432448613053,#e4acac,#e8e8e8
Census Tract 302,2965,12291,5444,0.5446362968405584,#985356,#ad9ea5
Census Tract 303,1505,9308,3464,0.4344688221709007,#ad9ea5,#ad9ea5
Census Tract 304,1263,14098,2582,0.48915569326103797,#627f8c,#627f8c
Census Tract 305,2603,10223,6428,0.40494710640945863,#985356,#ad9ea5
Census Tract 306.01,771,7229,3956,0.1948938321536906,#e8e8e8,#e8e8e8
Census Tract 306.03,623,9847,2258,0.2759078830823738,#b0d5df,#b0d5df
Census Tract 306.04,632,13094,3344,0.18899521531100477,#64acbe,#64acbe
Census Tract 307.01,313,7336,1712,0.18282710280373832,#e8e8e8,#e8e8e8
Census Tract 307.02,41,15873,2252,0.018206039076376555,#64acbe,#64acbe
Census Tract 307.03,757,14499,2909,0.26022688209006534,#64acbe,#64acbe
Census Tract 307.06,671,11549,2928,0.22916666666666666,#b0d5df,#b0d5df
Census Tract 308,2240,26956,4392,0.5100182149362478,#574249,#627f8c
Census Tract 309,1517,13427,3061,0.4955896765762823,#627f8c,#627f8c
Census Tract 310,1367,11953,4089,0.3343115676204451,#ad9ea5,#b0d5df
Census Tract 3102,1030,11225,1652,0.6234866828087167,#b0d5df,#985356
Census Tract 3103,1303,11991,1803,0.7226844148641154,#ad9ea5,#985356
Census Tract 3104,603,17006,1181,0.5105842506350551,#64acbe,#627f8c
Census Tract 3105,810,11477,1495,0.5418060200668896,#b0d5df,#ad9ea5
Census Tract 3106,3495,8471,4432,0.7885830324909747,#985356,#985356
Census Tract 3107,1088,7832,1460,0.7452054794520548,#e8e8e8,#c85a5a
Census Tract 3108,1933,12205,4219,0.4581654420478786,#ad9ea5,#ad9ea5
Census Tract 3109,2243,8264,5391,0.41606381005379334,#985356,#ad9ea5
Census Tract 311,1663,9994,5059,0.3287210911247282,#ad9ea5,#b0d5df
Census Tract 312,1451,9371,5937,0.24439952838133738,#ad9ea5,#b0d5df
Census Tract 313,1142,5840,7604,0.1501841136244082,#e8e8e8,#e8e8e8
Census Tract 314,1309,11244,4853,0.2697300638780136,#ad9ea5,#b0d5df
Census Tract 315.01,419,5444,4587,0.09134510573359494,#e8e8e8,#e8e8e8
Census Tract 315.02,523,7310,4651,0.11244893571274994,#e8e8e8,#e8e8e8
Census Tract 317,1720,9907,6691,0.25706172470482735,#ad9ea5,#b0d5df
Census Tract 318,779,13632,1857,0.4194938072159397,#64acbe,#627f8c
Census Tract 319,871,14621,2566,0.3394388152766952,#64acbe,#64acbe
Census Tract 3201,3730,24228,13379,0.27879512669108303,#574249,#64acbe
Census Tract 3204,1816,45978,3204,0.5667915106117354,#627f8c,#627f8c
Census Tract 3206,1377,15057,4923,0.2797074954296161,#627f8c,#64acbe
Census Tract 321,1586,13524,6837,0.23197308761152552,#627f8c,#64acbe
Census Tract 3301,3554,27503,19889,0.17869173915229525,#574249,#64acbe
Census Tract 3302,1351,24701,3475,0.38877697841726616,#627f8c,#64acbe
Census Tract 3403,478,10390,1837,0.2602068590092542,#b0d5df,#b0d5df
Census Tract 3404,545,11347,2031,0.26834071885770555,#b0d5df,#b0d5df
Census Tract 3405,466,5967,1712,0.272196261682243,#e8e8e8,#e8e8e8
Census Tract 3406,258,7203,1067,0.24179943767572634,#e8e8e8,#e8e8e8
Census Tract 3501,295,8485,2251,0.1310528653931586,#b0d5df,#b0d5df
Census Tract 3504,223,3498,2021,0.11034141514101929,#e8e8e8,#e8e8e8
Census Tract 3510,436,11890,3711,0.11748854756130422,#b0d5df,#b0d5df
Census Tract 3511,164,4271,2213,0.07410754631721644,#e8e8e8,#e8e8e8
Census Tract 3514,816,13723,1836,0.4444444444444444,#64acbe,#627f8c
Census Tract 3515,232,13669,773,0.3001293661060802,#64acbe,#64acbe
Census Tract 3602,300,4370,1503,0.1996007984031936,#e8e8e8,#e8e8e8
Census Tract 3801,1841,9016,1983,0.9283913262733232,#ad9ea5,#985356
Census Tract 3802,504,6798,1703,0.2959483264826776,#e8e8e8,#e8e8e8
Census Tract 3805,191,5094,866,0.22055427251732102,#e8e8e8,#e8e8e8
Census Tract 3807,685,9946,1275,0.5372549019607843,#b0d5df,#ad9ea5
Census Tract 3812,996,31246,1724,0.5777262180974478,#64acbe,#627f8c
Census Tract 3814,1050,8200,1586,0.6620428751576293,#e8e8e8,#c85a5a
Census Tract 3815,239,9908,375,0.6373333333333333,#b0d5df,#985356
Census Tract 3818,1060,9277,1254,0.8452950558213717,#b0d5df,#985356
Census Tract 3819,743,11800,1267,0.5864246250986582,#b0d5df,#ad9ea5
Census Tract 3901,618,14404,1570,0.39363057324840767,#64acbe,#64acbe
Census Tract 3902,1015,26852,1656,0.6129227053140096,#64acbe,#574249
Census Tract 3903,939,9648,2843,0.33028491030601476,#b0d5df,#b0d5df
Census Tract 3904,690,15381,2480,0.2782258064516129,#64acbe,#64acbe
Census Tract 3905,422,30833,1496,0.2820855614973262,#64acbe,#64acbe
Census Tract 3906,543,21683,1756,0.3092255125284738,#64acbe,#64acbe
Census Tract 3907,797,10939,5639,0.1413371165100195,#b0d5df,#b0d5df
Census Tract 4003,1374,8583,1317,1.0432801822323463,#ad9ea5,#985356
Census Tract 4004,1153,6323,2120,0.5438679245283019,#e8e8e8,#e4acac
Census Tract 4005,990,5338,1797,0.5509181969949917,#e8e8e8,#e4acac
Census Tract 4008,1050,8307,2706,0.38802660753880264,#b0d5df,#b0d5df
Census Tract 401,1736,11705,3879,0.44753802526424336,#ad9ea5,#ad9ea5
Census Tract 402.01,2649,8228,6891,0.3844144536351763,#985356,#b0d5df
Census Tract 402.02,1670,14333,7265,0.22986923606331727,#627f8c,#64acbe
Census Tract 403,1477,23358,2925,0.504957264957265,#627f8c,#627f8c
Census Tract 404.01,1687,18048,3347,0.5040334628025097,#627f8c,#627f8c
Census Tract 404.02,1348,16593,5269,0.2558360220155627,#627f8c,#64acbe
Census Tract 406,1584,25141,2514,0.630071599045346,#627f8c,#574249
Census Tract 407,1897,12588,3440,0.5514534883720931,#627f8c,#627f8c
Census Tract 408,972,13354,1829,0.5314379442318207,#64acbe,#627f8c
Census Tract 409,1013,21816,1842,0.5499457111834962,#64acbe,#627f8c
Census Tract 4101,388,9971,2176,0.17830882352941177,#b0d5df,#b0d5df
Census Tract 4102,211,24241,1586,0.1330390920554855,#64acbe,#64acbe
Census Tract 4105,569,13229,2440,0.2331967213114754,#64acbe,#64acbe
Census Tract 4106,478,10575,2699,0.1771026306039274,#b0d5df,#b0d5df
Census Tract 4107,509,18544,2089,0.2436572522738152,#64acbe,#64acbe
Census Tract 4108,792,8942,3051,0.25958702064896755,#b0d5df,#b0d5df
Census Tract 4109,628,11508,3369,0.18640546156129414,#b0d5df,#b0d5df
Census Tract 4110,832,49219,3169,0.26254338908172925,#64acbe,#64acbe
Census Tract 4111,549,15704,2295,0.23921568627450981,#64acbe,#64acbe
Census Tract 4112,603,34222,1551,0.38878143133462284,#64acbe,#64acbe
Census Tract 4201,315,7811,1447,0.21769177608845888,#e8e8e8,#e8e8e8
Census Tract 4202,458,6323,1672,0.27392344497607657,#e8e8e8,#e8e8e8
Census Tract 4203,581,12345,2737,0.21227621483375958,#b0d5df,#b0d5df
Census Tract 4204,374,18577,1131,0.3306808134394341,#64acbe,#64acbe
Census Tract 4205,868,6503,1659,0.5232067510548524,#e8e8e8,#e4acac
Census Tract 4206,1052,4684,2097,0.5016690510252741,#e8e8e8,#e4acac
Census Tract 4207,2907,10006,3036,0.9575098814229249,#985356,#985356
Census Tract 4208,1296,8572,2158,0.6005560704355886,#ad9ea5,#ad9ea5
Census Tract 4212,990,8317,1210,0.8181818181818182,#b0d5df,#985356
Census Tract 4301.01,1325,14284,3118,0.4249518922386145,#627f8c,#627f8c
Census Tract 4301.02,802,6753,3046,0.26329612606697306,#e8e8e8,#e8e8e8
Census Tract 4302,1788,21969,4961,0.3604112074178593,#627f8c,#64acbe
Census Tract 4303,1566,5847,2398,0.6530442035029191,#e4acac,#c85a5a
Census Tract 4304,2059,5904,2756,0.7470972423802612,#c85a5a,#c85a5a
Census Tract 4305,1465,6458,3569,0.4104791258055478,#e4acac,#e4acac
Census Tract 4306,865,13410,1920,0.4505208333333333,#64acbe,#627f8c
Census Tract 4307,611,20903,2474,0.2469684721099434,#64acbe,#64acbe
Census Tract 4308,1120,10567,1756,0.6378132118451025,#b0d5df,#985356
Census Tract 4309,843,8948,1572,0.5362595419847328,#b0d5df,#ad9ea5
Census Tract 4312,1872,13245,2828,0.6619519094766619,#627f8c,#574249
Census Tract 4313.01,1394,5240,3580,0.3893854748603352,#e4acac,#e8e8e8
Census Tract 4313.02,1489,7789,4204,0.35418648905803995,#e4acac,#e8e8e8
Census Tract 4314,1799,5173,6979,0.2577733199598796,#e4acac,#e8e8e8
Census Tract 4401.01,1863,4667,4105,0.453836784409257,#e4acac,#e4acac
Census Tract 4401.02,1743,5155,3266,0.533680342927128,#e4acac,#e4acac
Census Tract 4402.01,2284,15097,4890,0.4670756646216769,#574249,#627f8c
Census Tract 4402.02,1843,6163,3213,0.5736072206660442,#e4acac,#e4acac
Census Tract 4403,3550,6718,4577,0.7756172165173695,#c85a5a,#c85a5a
Census Tract 4406,1782,13518,1807,0.9861649142224682,#627f8c,#574249
Census Tract 4407,1138,7243,1440,0.7902777777777777,#e8e8e8,#c85a5a
Census Tract 4408,874,6645,1693,0.5162433549911399,#e8e8e8,#e4acac
Census Tract 4409,2090,9009,2547,0.8205732234000785,#985356,#985356
Census Tract 4503,3031,10161,3781,0.8016397778365512,#985356,#985356
Census Tract 4601,2180,17256,3424,0.6366822429906542,#574249,#574249
Census Tract 4602,1873,7465,2482,0.7546333601933924,#e4acac,#c85a5a
Census Tract 4603.01,1987,6550,3124,0.6360435339308579,#c85a5a,#c85a5a
Census Tract 4603.02,2353,8367,3483,0.6755670399081252,#985356,#985356
Census Tract 4604,1858,7107,3374,0.5506816834617665,#e4acac,#e4acac
Census Tract 4605,3861,7338,5647,0.6837258721445015,#c85a5a,#c85a5a
Census Tract 4606,681,7142,1008,0.6755952380952381,#e8e8e8,#c85a5a
Census Tract 4607,1366,6415,2636,0.5182094081942337,#e4acac,#e4acac
Census Tract 4610,1140,5187,1313,0.8682406702208683,#e8e8e8,#c85a5a
Census Tract 4701,2682,7678,2336,1.1481164383561644,#c85a5a,#c85a5a
Census Tract 4801,1702,7403,2192,0.7764598540145985,#e4acac,#c85a5a
Census Tract 4802,788,8551,1139,0.6918349429323969,#b0d5df,#985356
Census Tract 4803,1040,19495,1103,0.942883046237534,#64acbe,#574249
Census Tract 4804,4180,10105,5584,0.748567335243553,#985356,#985356
Census Tract 4805,2609,9527,2938,0.8880190605854322,#985356,#985356
Census Tract 4903,1934,6816,2340,0.8264957264957264,#e4acac,#c85a5a
Census Tract 4904,618,10385,773,0.7994825355756792,#b0d5df,#985356
Census Tract 4905,1739,11962,2008,0.8660358565737052,#ad9ea5,#985356
Census Tract 4906,1523,8251,1498,1.0166889185580774,#ad9ea5,#985356
Census Tract 4907,2226,8051,2720,0.8183823529411764,#c85a5a,#c85a5a
Census Tract 4908,2844,15448,4116,0.6909620991253644,#574249,#574249
Census Tract 4909.01,2398,13315,3689,0.6500406614258607,#574249,#574249
Census Tract 4909.02,4221,7007,4355,0.9692307692307692,#c85a5a,#c85a5a
Census Tract 4910,5807,6707,4239,1.3698985609813634,#c85a5a,#c85a5a
Census Tract 4911,3948,44712,4160,0.9490384615384615,#574249,#574249
Census Tract 4912,1698,10241,2110,0.804739336492891,#ad9ea5,#985356
Census Tract 4913,2879,9173,2605,1.1051823416506719,#985356,#985356
Census Tract 4914,2245,6427,3567,0.6293804317353519,#c85a5a,#c85a5a
Census Tract 5001,1948,7015,3208,0.6072319201995012,#e4acac,#c85a5a
Census Tract 5002,1321,7235,2131,0.6198967620835288,#e4acac,#c85a5a
Census Tract 5003,1126,12427,1477,0.7623561272850372,#b0d5df,#985356
Census Tract 501,1196,22009,2731,0.43793482240937387,#627f8c,#627f8c
Census Tract 502,2641,22499,5431,0.48628245258700054,#574249,#627f8c
Census Tract 503,1535,15114,2723,0.5637164891663606,#627f8c,#627f8c
Census Tract 505,2551,26522,6069,0.42033283901796015,#574249,#627f8c
Census Tract 506,1508,26522,2177,0.6926963711529628,#627f8c,#574249
Census Tract 507,606,26052,1610,0.3763975155279503,#64acbe,#64acbe
Census Tract 508,683,24490,1457,0.46877144818119426,#64acbe,#627f8c
Census Tract 509,742,21356,1302,0.5698924731182796,#64acbe,#627f8c
Census Tract 510,684,17918,1718,0.3981373690337602,#64acbe,#64acbe
Census Tract 5101,2449,10833,3077,0.7959051023724407,#985356,#985356
Census Tract 5102,2215,7556,3321,0.666967780788919,#c85a5a,#c85a5a
Census Tract 5103,4083,7181,5126,0.796527506827936,#c85a5a,#c85a5a
Census Tract 511,755,34470,1654,0.45646916565900847,#64acbe,#627f8c
Census Tract 512,771,33841,1594,0.4836888331242158,#64acbe,#627f8c
Census Tract 513,1133,33236,2826,0.4009200283085633,#64acbe,#64acbe
Census Tract 514,993,23760,1796,0.5528953229398663,#64acbe,#627f8c
Census Tract 5201,1298,8763,1810,0.7171270718232045,#ad9ea5,#985356
Census Tract 5202,1921,7493,3989,0.48157432940586614,#e4acac,#e4acac
Census Tract 5203,2705,11000,5857,0.4618405326959194,#985356,#ad9ea5
Census Tract 5204,2340,8981,4656,0.5025773195876289,#985356,#ad9ea5
Census Tract 5205,2414,8268,5109,0.4724995106674496,#985356,#ad9ea5
Census Tract 5206,1242,7182,2809,0.4421502313990744,#e4acac,#e4acac
Census Tract 5301,1833,5028,2236,0.8197674418604651,#e4acac,#c85a5a
Census Tract 5302,5391,8114,3920,1.3752551020408164,#c85a5a,#c85a5a
Census Tract 5303,3907,8216,4440,0.8799549549549549,#985356,#985356
Census Tract 5304,2097,8656,2053,1.0214320506575743,#985356,#985356
Census Tract 5305.01,4977,8912,4644,1.071705426356589,#985356,#985356
Census Tract 5305.02,1402,6704,1552,0.9033505154639175,#e4acac,#c85a5a
Census Tract 5305.03,4285,8940,5973,0.7173949439142809,#985356,#985356
Census Tract 5306,2502,8094,2653,0.943083301922352,#c85a5a,#c85a5a
Census Tract 5401.01,1001,7014,4055,0.2468557336621455,#e8e8e8,#e8e8e8
Census Tract 5401.02,1658,21117,3207,0.5169940754599314,#627f8c,#627f8c
Census Tract 5501,4854,12833,6479,0.7491896897669393,#574249,#574249
Census Tract 5502,2286,9197,2726,0.8385913426265591,#985356,#985356
Census Tract 5601,921,7690,1539,0.5984405458089669,#e8e8e8,#e4acac
Census Tract 5602,1301,6495,1654,0.786577992744861,#e4acac,#c85a5a
Census Tract 5603,1971,9709,3145,0.6267090620031797,#985356,#985356
Census Tract 5604,795,9116,1585,0.501577287066246,#b0d5df,#ad9ea5
Census Tract 5607,1775,8763,3726,0.47638217928073,#ad9ea5,#ad9ea5
Census Tract 5608,2833,10225,5886,0.481311586816174,#985356,#ad9ea5
Census Tract 5609,3250,8401,5341,0.6085002808462835,#985356,#985356
Census Tract 5610,3411,10153,6064,0.5625,#985356,#ad9ea5
Census Tract 5611,2992,7915,5502,0.5438022537259178,#c85a5a,#e4acac
Census Tract 5701,804,10374,1302,0.6175115207373272,#b0d5df,#985356
Census Tract 5702,1562,13272,2074,0.7531340405014465,#627f8c,#574249
Census Tract 5703,3371,6434,5691,0.5923387805306625,#c85a5a,#e4acac
Census Tract 5704,972,5752,1725,0.5634782608695652,#e8e8e8,#e4acac
Census Tract 5705,1358,9677,2290,0.5930131004366812,#ad9ea5,#ad9ea5
Census Tract 5801,1806,6990,2758,0.6548223350253807,#e4acac,#c85a5a
Census Tract 5802,1491,4202,3784,0.3940274841437632,#e4acac,#e8e8e8
Census Tract 5803,906,5730,2555,0.35459882583170255,#e8e8e8,#e8e8e8
Census Tract 5804,2630,7627,4712,0.5581494057724957,#c85a5a,#e4acac
Census Tract 5805.01,1982,6809,4981,0.39791206585023087,#c85a5a,#e8e8e8
Census Tract 5805.02,1876,15476,5581,0.33614047661709373,#627f8c,#64acbe
Census Tract 5806,2224,12521,5174,0.42984151526865094,#574249,#627f8c
Census Tract 5807,2481,6858,6238,0.3977236293683873,#c85a5a,#e8e8e8
Census Tract 5808,777,7163,2213,0.35110709444193405,#e8e8e8,#e8e8e8
Census Tract 5905,2038,8005,1842,1.1064060803474485,#c85a5a,#c85a5a
Census Tract 5906,2484,8054,3678,0.6753670473083198,#c85a5a,#c85a5a
Census Tract 5907,1923,7920,3393,0.5667550839964633,#e4acac,#e4acac
Census Tract 6004,1057,11624,4413,0.23951960117833673,#b0d5df,#b0d5df
Census Tract 6006,1173,7779,3125,0.37536,#e4acac,#e8e8e8
Census Tract 6007,1193,13506,2579,0.462582396277627,#627f8c,#627f8c
Census Tract 6009,1329,8215,3466,0.3834391229082516,#ad9ea5,#b0d5df
Census Tract 601,1510,23414,2852,0.52945301542777,#627f8c,#627f8c
Census Tract 602,891,32920,2324,0.38339070567986233,#64acbe,#64acbe
Census Tract 603,1926,21903,3214,0.5992532669570628,#627f8c,#627f8c
Census Tract 604,1433,18801,3779,0.3792008467848637,#627f8c,#64acbe
Census Tract 605,536,19011,1295,0.4138996138996139,#64acbe,#627f8c
Census Tract 608,449,11836,5048,0.08894611727416799,#b0d5df,#b0d5df
Census Tract 609,856,10415,7114,0.12032611751475963,#b0d5df,#b0d5df
Census Tract 610,631,17723,2208,0.2857789855072464,#64acbe,#64acbe
Census Tract 6103,2301,4614,5941,0.387308533916849,#c85a5a,#e8e8e8
Census Tract 6104,716,6530,1981,0.3614336193841494,#e8e8e8,#e8e8e8
Census Tract 6108,703,12724,1509,0.46587143803843606,#64acbe,#627f8c
Census Tract 611,708,23346,1379,0.5134155184916607,#64acbe,#627f8c
Census Tract 6110,1044,7158,891,1.1717171717171717,#e8e8e8,#c85a5a
Census Tract 6111,1247,4408,2326,0.5361134995700774,#e4acac,#e4acac
Census Tract 6112,1364,3650,2496,0.5464743589743589,#e4acac,#e4acac
Census Tract 6113,1398,5255,2521,0.5545418484728283,#e4acac,#e4acac
Census Tract 6114,978,6267,3060,0.3196078431372549,#e8e8e8,#e8e8e8
Census Tract 6115,1444,9549,3362,0.42950624628197503,#ad9ea5,#ad9ea5
Census Tract 6116,1001,6483,1608,0.6225124378109452,#e8e8e8,#c85a5a
Census Tract 6117,1533,6169,1706,0.8985932004689332,#e4acac,#c85a5a
Census Tract 6118,1499,10051,2390,0.6271966527196653,#ad9ea5,#985356
Census Tract 6119,2108,6787,1729,1.2192018507807982,#c85a5a,#c85a5a
Census Tract 612,657,23393,1961,0.3350331463539011,#64acbe,#64acbe
Census Tract 6120,1653,7662,1373,1.203932993445011,#e4acac,#c85a5a
Census Tract 6121,1590,8960,1042,1.5259117082533589,#ad9ea5,#985356
Census Tract 615,721,26732,1888,0.381885593220339,#64acbe,#64acbe
Census Tract 618,230,7073,1340,0.17164179104477612,#e8e8e8,#e8e8e8
Census Tract 619.01,473,13494,3597,0.13149847094801223,#64acbe,#64acbe
Census Tract 619.02,628,16078,4653,0.13496668815817753,#64acbe,#64acbe
Census Tract 620,869,12444,2981,0.2915129151291513,#b0d5df,#b0d5df
Census Tract 6201,2223,9842,4819,0.4612990246939199,#985356,#ad9ea5
Census Tract 6202,1265,7074,2230,0.5672645739910314,#e4acac,#e4acac
Census Tract 6203,2822,9392,7784,0.3625385405960945,#985356,#b0d5df
Census Tract 6204,1999,12628,4503,0.44392627137463914,#574249,#627f8c
Census Tract 621,1557,17949,3772,0.4127783669141039,#627f8c,#627f8c
Census Tract 622,1291,18210,2719,0.47480691430673044,#627f8c,#627f8c
Census Tract 623,661,37552,1602,0.4126092384519351,#64acbe,#627f8c
Census Tract 624,669,43476,1576,0.42449238578680204,#64acbe,#627f8c
Census Tract 625,983,25367,1575,0.6241269841269841,#64acbe,#574249
Census Tract 626,1247,31681,2370,0.5261603375527426,#627f8c,#627f8c
Census Tract 627,2367,34529,2885,0.8204506065857886,#574249,#574249
Census Tract 628,1292,30035,3625,0.3564137931034483,#627f8c,#64acbe
Census Tract 629,1581,16557,3818,0.4140911471974856,#627f8c,#627f8c
Census Tract 630,1518,13742,3448,0.44025522041763343,#627f8c,#627f8c
Census Tract 6301,807,6383,950,0.8494736842105263,#e8e8e8,#c85a5a
Census Tract 6302,1154,7450,2045,0.5643031784841076,#e8e8e8,#e4acac
Census Tract 6303,2993,7453,5474,0.5467665327000365,#c85a5a,#e4acac
Census Tract 6304,2616,5785,6829,0.38307219212183335,#c85a5a,#e8e8e8
Census Tract 6305,2312,9598,6098,0.3791407018694654,#985356,#b0d5df
Census Tract 6308,2356,5602,7111,0.3313176768387006,#c85a5a,#e8e8e8
Census Tract 6309,2208,5166,5290,0.41739130434782606,#c85a5a,#e4acac
Census Tract 631,750,14735,2310,0.3246753246753247,#64acbe,#64acbe
Census Tract 632,1022,12498,6897,0.14818036827606207,#b0d5df,#b0d5df
Census Tract 633.01,354,9541,2768,0.12789017341040462,#b0d5df,#b0d5df
Census Tract 633.02,409,8711,3781,0.1081724411531341,#b0d5df,#b0d5df
Census Tract 633.03,205,11534,1223,0.16762060506950122,#b0d5df,#b0d5df
Census Tract 634,590,13162,2318,0.2545297670405522,#64acbe,#64acbe
Census Tract 6401,533,22626,1472,0.36209239130434784,#64acbe,#64acbe
Census Tract 6403,4272,7909,7157,0.5968981416794746,#c85a5a,#e4acac
Census Tract 6404,1954,20178,3701,0.5279654147527695,#627f8c,#627f8c
Census Tract 6405,1841,8754,3970,0.463727959697733,#ad9ea5,#ad9ea5
Census Tract 6406,2247,5489,4022,0.5586772749875684,#c85a5a,#e4acac
Census Tract 6407,1668,7444,3608,0.4623059866962306,#e4acac,#e4acac
Census Tract 6408,1035,6687,1805,0.5734072022160664,#e8e8e8,#e4acac
Census Tract 6501,1889,5572,4415,0.42785956964892413,#e4acac,#e4acac
Census Tract 6502,3287,10500,7211,0.4558313687421994,#985356,#ad9ea5
Census Tract 6503.01,2426,15346,5276,0.4598180439727066,#574249,#627f8c
Census Tract 6503.02,1852,14623,4195,0.44147794994040523,#627f8c,#627f8c
Census Tract 6504,2396,4524,6530,0.3669218989280245,#c85a5a,#e8e8e8
Census Tract 6505,1996,12952,4549,0.4387777533523851,#574249,#627f8c
Census Tract 6603.01,725,5338,1507,0.4810882548108825,#e8e8e8,#e4acac
Census Tract 6603.02,2024,5710,5020,0.40318725099601593,#c85a5a,#e8e8e8
Census Tract 6604,2048,8462,6034,0.3394100099436526,#985356,#b0d5df
Census Tract 6605,1951,5497,4720,0.41334745762711866,#e4acac,#e4acac
Census Tract 6606,2573,4714,5845,0.4402053036783576,#c85a5a,#e4acac
Census Tract 6607,1332,5733,1666,0.7995198079231692,#e4acac,#c85a5a
Census Tract 6608,2367,4467,4887,0.4843462246777164,#c85a5a,#e4acac
Census Tract 6609,2371,6104,4694,0.5051129100979974,#c85a5a,#e4acac
Census Tract 6610,3358,3920,5157,0.6511537715726198,#c85a5a,#c85a5a
Census Tract 6611,2916,7522,6851,0.4256312947015034,#c85a5a,#e4acac
Census Tract 6701,1215,9987,944,1.2870762711864407,#ad9ea5,#985356
Census Tract 6702,1340,37582,884,1.5158371040723981,#627f8c,#574249
Census Tract 6703,1056,5515,1126,0.9378330373001776,#e8e8e8,#c85a5a
Census Tract 6704,1337,19512,1656,0.8073671497584541,#627f8c,#574249
Census Tract 6705,1264,6835,1047,1.207258834765998,#e4acac,#c85a5a
Census Tract 6706,1660,13852,1050,1.5809523809523809,#627f8c,#574249
Census Tract 6707,1606,6287,1072,1.498134328358209,#e4acac,#c85a5a
Census Tract 6708,1456,7527,1263,1.1528107680126682,#e4acac,#c85a5a
Census Tract 6709,1339,8959,1457,0.9190116678105696,#ad9ea5,#985356
Census Tract 6711,973,6931,1044,0.9319923371647509,#e8e8e8,#c85a5a
Census Tract 6712,1286,7843,939,1.3695420660276891,#e4acac,#c85a5a
Census Tract 6713,2315,6512,1905,1.2152230971128608,#c85a5a,#c85a5a
Census Tract 6714,1494,8488,1394,1.0717360114777619,#ad9ea5,#985356
Census Tract 6715,3395,4564,2343,1.4489970123772942,#c85a5a,#c85a5a
Census Tract 6716,1930,7192,2016,0.9573412698412699,#e4acac,#c85a5a
Census Tract 6718,1422,20333,1256,1.1321656050955413,#627f8c,#574249
Census Tract 6719,965,8831,1162,0.8304647160068847,#b0d5df,#985356
Census Tract 6720,3211,11358,4064,0.7901082677165354,#985356,#985356
Census Tract 6805,1532,12537,1333,1.1492873218304576,#627f8c,#574249
Census Tract 6806,1471,7191,1308,1.1246177370030581,#e4acac,#c85a5a
Census Tract 6809,2350,4618,3430,0.685131195335277,#c85a5a,#c85a5a
Census Tract 6810,2572,14585,2641,0.9738735327527451,#574249,#574249
Census Tract 6811,2933,7252,2910,1.0079037800687285,#c85a5a,#c85a5a
Census Tract 6812,2247,7043,2511,0.8948626045400239,#c85a5a,#c85a5a
Census Tract 6813,1964,4985,2279,0.8617814831066257,#c85a5a,#c85a5a
Census Tract 6814,2929,6380,2433,1.203863542951089,#c85a5a,#c85a5a
Census Tract 6903,1240,6325,2454,0.5052974735126324,#e4acac,#e4acac
Census Tract 6904,1988,9010,3031,0.6558891454965358,#985356,#985356
Census Tract 6905,766,11920,624,1.2275641025641026,#b0d5df,#985356
Census Tract 6909,2761,6710,4229,0.6528730196263892,#c85a5a,#c85a5a
Census Tract 6910,1836,10792,2550,0.72,#ad9ea5,#985356
Census Tract 6911,2246,5790,2993,0.750417641162713,#c85a5a,#c85a5a
Census Tract 6912,2493,6183,2969,0.8396766588076794,#c85a5a,#c85a5a
Census Tract 6913,2177,10089,2707,0.8042113040265977,#985356,#985356
Census Tract 6914,2522,6063,2901,0.8693553946914857,#c85a5a,#c85a5a
Census Tract 6915,1415,5322,1939,0.7297576070139247,#e4acac,#c85a5a
Census Tract 7001,2343,11088,3552,0.6596283783783784,#985356,#985356
Census Tract 7002,2566,7188,6638,0.3865622175354022,#c85a5a,#e8e8e8
Census Tract 7003.01,2214,9053,6389,0.34653310377210833,#985356,#b0d5df
Census Tract 7003.02,2970,8547,5899,0.5034751652822512,#985356,#ad9ea5
Census Tract 7004.01,3593,6531,6643,0.5408700888152943,#c85a5a,#e4acac
Census Tract 7004.02,2974,9082,4498,0.6611827478879502,#985356,#985356
Census Tract 7005.01,4700,7347,6994,0.6720045753503002,#c85a5a,#c85a5a
Census Tract 7005.02,1959,11640,3373,0.5807886154758375,#ad9ea5,#ad9ea5
Census Tract 701.01,950,14463,3878,0.24497163486333162,#64acbe,#64acbe
Census Tract 701.02,518,15307,2920,0.1773972602739726,#64acbe,#64acbe
Census Tract 701.03,331,6698,1621,0.2041949413942011,#e8e8e8,#e8e8e8
Census Tract 702,1271,21918,4283,0.29675461125379404,#627f8c,#64acbe
Census Tract 703,1701,15061,3575,0.4758041958041958,#627f8c,#627f8c
Census Tract 704,1287,32469,3237,0.39759036144578314,#627f8c,#64acbe
Census Tract 705,961,46652,3421,0.2809120140309851,#64acbe,#64acbe
Census Tract 706,1239,43284,3257,0.38041142155357693,#627f8c,#64acbe
Census Tract 707,1526,25388,4272,0.35720973782771537,#627f8c,#64acbe
Census Tract 710,809,32960,4604,0.17571676802780192,#64acbe,#64acbe
Census Tract 7101,857,6716,1097,0.7812215132178669,#e8e8e8,#c85a5a
Census Tract 7102,2479,4570,4329,0.5726495726495726,#c85a5a,#e4acac
Census Tract 7103,835,6914,1471,0.5676410605030592,#e8e8e8,#e4acac
Census Tract 7104,3009,13279,5514,0.5457018498367792,#574249,#627f8c
Census Tract 7105,2214,7131,4283,0.5169273873453187,#c85a5a,#e4acac
Census Tract 7106,916,14078,1767,0.5183927560837578,#64acbe,#627f8c
Census Tract 7107,1714,7447,2778,0.6169906407487401,#e4acac,#c85a5a
Census Tract 7108,2690,8857,4741,0.5673908458131196,#985356,#ad9ea5
Census Tract 7109,1951,6538,2018,0.966798810703667,#e4acac,#c85a5a
Census Tract 711,1238,55485,3180,0.38930817610062896,#627f8c,#64acbe
Census Tract 7110,2500,5365,3012,0.8300132802124834,#c85a5a,#c85a5a
Census Tract 7111,1936,13630,2310,0.8380952380952381,#627f8c,#574249
Census Tract 7112,3500,12935,5007,0.6990213700818854,#574249,#574249
Census Tract 7113,985,8433,1794,0.5490523968784838,#b0d5df,#ad9ea5
Census Tract 7114,2075,6589,2591,0.8008490930142802,#c85a5a,#c85a5a
Census Tract 7115,1947,8970,2559,0.7608440797186401,#ad9ea5,#985356
Census Tract 712,1359,36009,2024,0.6714426877470355,#627f8c,#574249
Census Tract 713,1064,52900,3982,0.2672024108488197,#64acbe,#64acbe
Census Tract 714,845,25332,4745,0.1780821917808219,#64acbe,#64acbe
Census Tract 715,1636,14887,6065,0.26974443528441877,#627f8c,#64acbe
Census Tract 716,541,44309,1832,0.2953056768558952,#64acbe,#64acbe
Census Tract 717,567,36937,1729,0.32793522267206476,#64acbe,#64acbe
Census Tract 718,931,46302,2741,0.3396570594673477,#64acbe,#64acbe
Census Tract 7201,2308,21879,3409,0.6770313875036668,#574249,#574249
Census Tract 7202,3076,15348,4047,0.7600691870521374,#574249,#574249
Census Tract 7203,2547,11508,4100,0.621219512195122,#985356,#985356
Census Tract 7204,1068,9365,1963,0.544065206316862,#b0d5df,#ad9ea5
Census Tract 7205,1366,11422,2101,0.6501665873393622,#ad9ea5,#985356
Census Tract 7206,978,20443,1751,0.5585379782981154,#64acbe,#627f8c
Census Tract 7207,2231,12951,3066,0.7276581865622962,#574249,#574249
Census Tract 7301,1822,7334,2695,0.6760667903525046,#e4acac,#c85a5a
Census Tract 7302.01,2763,8584,5708,0.48405746320953047,#985356,#ad9ea5
Census Tract 7302.02,2224,13677,3550,0.6264788732394366,#574249,#574249
Census Tract 7303,945,10175,1137,0.8311345646437994,#b0d5df,#985356
Census Tract 7304,3187,8765,4067,0.7836242930907302,#985356,#985356
Census Tract 7305,3610,12172,4359,0.8281715989905942,#985356,#985356
Census Tract 7306,2961,13193,3559,0.8319752739533577,#574249,#574249
Census Tract 7307,2500,8827,2279,1.0969723562966214,#985356,#985356
Census Tract 7401,1968,10002,3182,0.6184789440603394,#985356,#985356
Census Tract 7402,2758,7940,6661,0.41405194415252966,#c85a5a,#e4acac
Census Tract 7403,2604,9433,4947,0.5263796240145543,#985356,#ad9ea5
Census Tract 7404,2379,9792,4552,0.5226274165202109,#985356,#ad9ea5
Census Tract 7501,3131,7839,3814,0.8209229155742003,#c85a5a,#c85a5a
Census Tract 7502,2415,22723,2778,0.8693304535637149,#574249,#574249
Census Tract 7503,1293,13272,2494,0.5184442662389736,#627f8c,#627f8c
Census Tract 7504,1809,11822,3032,0.5966358839050132,#ad9ea5,#ad9ea5
Census Tract 7505,4737,11587,5893,0.8038350585440353,#985356,#985356
Census Tract 7506,3655,13775,3663,0.9978159978159978,#574249,#574249
Census Tract 7608.01,588,7668,4298,0.13680781758957655,#e8e8e8,#e8e8e8
Census Tract 7608.02,1108,8220,2544,0.43553459119496857,#b0d5df,#ad9ea5
Census Tract 7608.03,1130,5328,5707,0.19800245312773787,#e8e8e8,#e8e8e8
Census Tract 7706.02,4,9008,5211,0.0007676069852235655,#b0d5df,#b0d5df
Census Tract 7709.02,40,7378,3473,0.01151742009789807,#e8e8e8,#e8e8e8
Census Tract 801,856,36333,6795,0.12597498160412068,#64acbe,#64acbe
Census Tract 802.01,408,14277,3141,0.12989493791786055,#64acbe,#64acbe
Census Tract 802.02,710,39431,3302,0.2150211992731678,#64acbe,#64acbe
Census Tract 803,1415,33314,4770,0.2966457023060797,#627f8c,#64acbe
Census Tract 804,1279,18335,4142,0.30878802510864317,#627f8c,#64acbe
Census Tract 810,1119,11335,7439,0.15042344401129185,#b0d5df,#b0d5df
Census Tract 8104,170,12535,5355,0.031746031746031744,#64acbe,#64acbe
Census Tract 811,717,12679,4092,0.17521994134897362,#64acbe,#64acbe
Census Tract 812.01,1065,38212,4500,0.23666666666666666,#64acbe,#64acbe
Census Tract 812.02,813,28327,2951,0.2754998305659099,#64acbe,#64acbe
Census Tract 813,673,16213,5313,0.12667043101825712,#64acbe,#64acbe
Census Tract 814.01,900,30097,2342,0.3842869342442357,#64acbe,#64acbe
Census Tract 814.02,587,26050,5325,0.11023474178403755,#64acbe,#64acbe
Census Tract 814.03,1131,22435,8046,0.14056674123788218,#64acbe,#64acbe
Census Tract 815,1478,26584,4585,0.3223555070883315,#627f8c,#64acbe
Census Tract 816,678,26543,4000,0.1695,#64acbe,#64acbe
Census Tract 817,1366,17084,3831,0.35656486557034717,#627f8c,#64acbe
Census Tract 818,2259,20573,9919,0.2277447323318883,#574249,#64acbe
Census Tract 819,193,44035,923,0.20910075839653305,#64acbe,#64acbe
Census Tract 8214.02,48,8248,2997,0.016016016016016016,#b0d5df,#b0d5df
Census Tract 8233.04,38,10553,6138,0.0061909416748126425,#b0d5df,#b0d5df
Census Tract 8305,3064,7414,4959,0.6178665053438194,#c85a5a,#c85a5a
Census Tract 8306,1756,11470,4861,0.36124254268669,#ad9ea5,#b0d5df
Census Tract 8307,1885,8842,3693,0.5104251286217167,#ad9ea5,#ad9ea5
Census Tract 8308,1034,9434,2512,0.41162420382165604,#b0d5df,#ad9ea5
Census Tract 8309,2473,15080,3089,0.8005827128520557,#574249,#574249
Census Tract 8310,1468,28032,2195,0.6687927107061503,#627f8c,#574249
Census Tract 8311,4004,10813,7891,0.5074135090609555,#985356,#ad9ea5
Census Tract 8312,1924,15747,4838,0.39768499379909056,#627f8c,#64acbe
Census Tract 8313,792,7844,1047,0.7564469914040115,#e8e8e8,#c85a5a
Census Tract 8314,2401,5753,2976,0.8067876344086021,#c85a5a,#c85a5a
Census Tract 8315,1856,7330,3720,0.4989247311827957,#e4acac,#e4acac
Census Tract 8316,3188,22210,7451,0.4278620319420212,#574249,#627f8c
Census Tract 8317,1165,8576,2500,0.466,#b0d5df,#ad9ea5
Census Tract 8318,3516,8300,6194,0.5676461091378754,#985356,#ad9ea5
Census Tract 8319,1825,23267,2913,0.6265018880878819,#627f8c,#574249
Census Tract 8320,898,13599,1781,0.5042111173498035,#64acbe,#627f8c
Census Tract 8321,905,12483,3533,0.25615624115482594,#b0d5df,#b0d5df
Census Tract 8322,1701,22470,3289,0.5171784737002129,#627f8c,#627f8c
Census Tract 8323,2090,21824,2001,1.0444777611194402,#574249,#574249
Census Tract 8324,1966,14667,3038,0.6471362738643844,#574249,#574249
Census Tract 8325,1841,29035,3551,0.518445508307519,#627f8c,#627f8c
Census Tract 8326,2374,23002,3780,0.6280423280423281,#574249,#574249
Census Tract 8329,811,23128,2322,0.34926787252368646,#64acbe,#64acbe
Census Tract 8330,2865,30279,4138,0.6923634606089899,#574249,#574249
Census Tract 8331,2516,18273,7250,0.3470344827586207,#574249,#64acbe
Census Tract 8333,1138,17299,2699,0.4216376435716932,#64acbe,#627f8c
Census Tract 8339,1998,20387,2530,0.7897233201581028,#574249,#574249
Census Tract 8340,2123,8253,2926,0.7255639097744361,#985356,#985356
Census Tract 8342,3297,29200,4249,0.7759472817133443,#574249,#574249
Census Tract 8343,4937,6733,6004,0.8222851432378414,#c85a5a,#c85a5a
Census Tract 8344,1847,11975,4390,0.4207289293849658,#ad9ea5,#ad9ea5
Census Tract 8345,1352,7527,1376,0.9825581395348837,#e4acac,#c85a5a
Census Tract 8346,3255,17215,1975,1.6481012658227847,#574249,#574249
Census Tract 8347,2328,20134,1426,1.632538569424965,#574249,#574249
Census Tract 8348,2208,7054,1546,1.428201811125485,#c85a5a,#c85a5a
Census Tract 8349,1732,4369,1615,1.0724458204334366,#e4acac,#c85a5a
Census Tract 8350,3068,10782,5622,0.5457132692991817,#985356,#ad9ea5
Census Tract 8351,2724,8790,5505,0.4948228882833787,#985356,#ad9ea5
Census Tract 8352,1216,10448,2020,0.601980198019802,#ad9ea5,#985356
Census Tract 8355,1656,5891,1479,1.1196754563894524,#e4acac,#c85a5a
Census Tract 8356,2071,5908,841,2.4625445897740783,#c85a5a,#c85a5a
Census Tract 8357,161,19320,416,0.3870192307692308,#64acbe,#64acbe
Census Tract 8358,1005,12600,1858,0.5409041980624327,#64acbe,#627f8c
Census Tract 8359,1828,7921,3190,0.5730407523510972,#e4acac,#e4acac
Census Tract 8360,1824,15346,2785,0.6549371633752245,#627f8c,#574249
Census Tract 8361,1724,7805,2039,0.8455125061304561,#e4acac,#c85a5a
Census Tract 8362,562,69381,1604,0.35037406483790523,#64acbe,#64acbe
Census Tract 8363,395,14128,1488,0.2654569892473118,#64acbe,#64acbe
Census Tract 8364,1511,9575,3737,0.40433502809740435,#ad9ea5,#b0d5df
Census Tract 8365,785,12033,1610,0.48757763975155277,#b0d5df,#ad9ea5
Census Tract 8366,1851,13416,2291,0.8079441292012222,#627f8c,#574249
Census Tract 8367,2261,31651,2422,0.9335260115606936,#574249,#574249
Census Tract 8368,2093,4668,2164,0.9671903881700554,#c85a5a,#c85a5a
Census Tract 8369,725,6761,1251,0.5795363709032774,#e8e8e8,#e4acac
Census Tract 8370,2324,6428,1950,1.1917948717948719,#c85a5a,#c85a5a
Census Tract 8371,1969,6773,1596,1.2337092731829573,#c85a5a,#c85a5a
Census Tract 8373,1557,6311,2607,0.5972382048331415,#e4acac,#e4acac
Census Tract 8374,2025,10896,2460,0.823170731707317,#985356,#985356
Census Tract 8378,3032,15052,2662,1.138993238166792,#574249,#574249
Census Tract 8380,1674,9565,2577,0.6495925494761351,#ad9ea5,#985356
Census Tract 8381,1430,6789,1760,0.8125,#e4acac,#c85a5a
Census Tract 8382,610687,17817,1976,309.05212550607285,#574249,#574249
Census Tract 8383,532,17659,1425,0.37333333333333335,#64acbe,#64acbe
Census Tract 8386,1460,4803,1507,0.9688122096881221,#e4acac,#c85a5a
Census Tract 8387,3379,4256,4311,0.78380886105312,#c85a5a,#c85a5a
Census Tract 8388,2637,11039,3173,0.8310746927198235,#985356,#985356
Census Tract 8390,1433,13518,8789,0.1630447149846399,#627f8c,#64acbe
Census Tract 8391,6573,22076,7352,0.8940424374319913,#574249,#574249
Census Tract 8392,719,12061,2452,0.2932300163132137,#b0d5df,#b0d5df
Census Tract 8395,720,16515,1510,0.4768211920529801,#64acbe,#627f8c
Census Tract 8396,901,11172,1367,0.6591075347476225,#b0d5df,#985356
Census Tract 8397,1940,9686,4510,0.43015521064301554,#ad9ea5,#ad9ea5
Census Tract 8398,938,9419,2831,0.33133168491699044,#b0d5df,#b0d5df
Census Tract 8399,2272,8442,4419,0.5141434713736139,#985356,#ad9ea5
Census Tract 8400,1263,12577,2881,0.4383894481082957,#627f8c,#627f8c
Census Tract 8401,943,8291,3176,0.29691435768261965,#b0d5df,#b0d5df
Census Tract 8402,1700,8765,2488,0.6832797427652733,#ad9ea5,#985356
Census Tract 8403,3328,10668,3872,0.859504132231405,#985356,#985356
Census Tract 8404,3271,11187,3135,1.0433811802232855,#985356,#985356
Census Tract 8407,2974,6586,3697,0.8044360292128753,#c85a5a,#c85a5a
Census Tract 8408,1195,11487,3011,0.3968781135835271,#ad9ea5,#b0d5df
Census Tract 8410,1062,13624,979,1.0847803881511746,#64acbe,#574249
Census Tract 8411,2822,6618,7072,0.39903846153846156,#c85a5a,#e8e8e8
Census Tract 8412,3086,6022,4839,0.6377350692291796,#c85a5a,#c85a5a
Census Tract 8413,2722,9270,3960,0.6873737373737374,#985356,#985356
Census Tract 8414,1194,9312,1135,1.0519823788546256,#ad9ea5,#985356
Census Tract 8415,2788,7569,2847,0.9792764313312259,#c85a5a,#c85a5a
Census Tract 8416,1224,7975,655,1.868702290076336,#e4acac,#c85a5a
Census Tract 8417,1275,5304,1825,0.6986301369863014,#e4acac,#c85a5a
Census Tract 8418,2272,5394,2435,0.9330595482546201,#c85a5a,#c85a5a
Census Tract 8419,2946,10754,6540,0.4504587155963303,#985356,#ad9ea5
Census Tract 8420,701,26569,3134,0.2236758136566688,#64acbe,#64acbe
Census Tract 8421,3225,6751,7489,0.4306315930030712,#c85a5a,#e4acac
Census Tract 8422,2185,13340,3154,0.6927710843373494,#574249,#574249
Census Tract 8423,3454,25360,3358,1.0285884455032757,#574249,#574249
Census Tract 8424,3557,5457,3115,1.1418940609951846,#c85a5a,#c85a5a
Census Tract 8425,980,5597,1973,0.496705524581855,#e8e8e8,#e4acac
Census Tract 8426,3254,6635,4125,0.7888484848484848,#c85a5a,#c85a5a
Census Tract 8428,3631,4904,7035,0.516133617626155,#c85a5a,#e4acac
Census Tract 8429,2729,9258,2479,1.1008471157724888,#985356,#985356
Census Tract 8430,2966,6435,2533,1.1709435452033161,#c85a5a,#c85a5a
Census Tract 8431,2089,12747,1692,1.2346335697399526,#574249,#574249
Census Tract 8432,3100,6979,2357,1.3152312261349173,#c85a5a,#c85a5a
Census Tract 8433,820,11071,1972,0.4158215010141988,#b0d5df,#ad9ea5
Census Tract 8434,1324,6133,1195,1.1079497907949791,#e4acac,#c85a5a
Census Tract 8435,1385,7828,10317,0.1342444509062712,#e4acac,#e8e8e8
Census Tract 8436,2065,20301,2918,0.707676490747087,#574249,#574249
Census Tract 8437,3393,33117,2617,1.296522735957203,#574249,#574249
Census Tract 8438,2215,7145,1482,1.4946018893387314,#c85a5a,#c85a5a
Census Tract 8439,2177,5744,3521,0.6182902584493042,#c85a5a,#c85a5a
Census Tract 901,1776,16964,3508,0.5062713797035348,#627f8c,#627f8c
Census Tract 902,3189,17667,6838,0.4663644340450424,#574249,#627f8c
Census Tract 903,3549,14871,1378,2.5754716981132075,#574249,#574249
